"タイプ","アルコール分","日本酒度","エキス分","総酸","アミノ酸度","甘辛度","濃淡度"
"一般酒",15.68,4.02,5.705,1.028,0.99,-0.075,-1.073
"一般酒",15.64,0.101,3.912,1.346,0.664,0.192,-1.004
"一般酒",14.918,-3.606,4.576,1.056,1.789,-0.397,-0.949
"一般酒",16.587,3.973,4.211,1.041,1.637,0.146,-1.048
"一般酒",14.544,6.073,3.365,0.894,1.024,-0.313,-0.863
"一般酒",16.012,5.956,4.145,1.075,1.413,-0.094,-1.026
"一般酒",14.58,1.505,3.538,0.985,1.577,0.309,-0.907
"一般酒",14.766,0.912,3.901,1.268,1.585,-0.13,-1.016
"一般酒",15.756,3.112,4.558,1.206,0.812,-0.062,-1.009
"一般酒",14.706,1.075,3.71,1.463,1.332,0.067,-1.021
"一般酒",14.138,2.633,5.382,1.229,0.229,-0.493,-1.036
"一般酒",14.907,7.854,4.349,1.098,0.93,-0.063,-0.927
"一般酒",14.26,6.419,5.454,1.236,1.218,0.078,-0.993
"一般酒",15.299,8.389,4.592,1.236,1.15,-0.286,-1.087
"一般酒",14.937,10.87,4.581,1.12,1.104,-0.141,-1.019
"一般酒",15.863,6.361,4.492,1.454,0.233,-0.168,-1.034
"一般酒",14.494,13.507,4.727,0.976,1.753,-0.197,-1.053
"一般酒",14.625,-0.037,4.589,1.285,1.869,0.089,-1.087
"一般酒",15.223,1.436,5.026,0.916,1.648,0.218,-1.002
"一般酒",14.308,2.558,4.465,1.355,1.399,-0.481,-0.987
"一般酒",15.303,2.361,4.111,1.079,1.083,-0.13,-0.95
"一般酒",16.307,-3.457,3.657,1.122,1.569,0.009,-0.936
"一般酒",14.455,0.868,4.24,1.545,0.741,-0.092,-1.145
"一般酒",15.365,-0.636,4.925,0.909,1.233,-0.369,-1.035
"一般酒",14.618,6.13,3.416,1.234,1.167,0.04,-1.07
"一般酒",15.116,3.402,5.043,1.454,1.172,-0.146,-1.096
"一般酒",14.619,0.18,4.399,1.072,1.781,-0.356,-1.07
"一般酒",15.577,1.447,5.024,1.64,1.444,-0.073,-0.992
"一般酒",14.43,0.943,4.404,1.169,1.232,-0.09,-1.047
"一般酒",15.743,10.42,4.757,1.428,1.225,0.043,-1.128
"一般酒",15.178,7.304,4.915,1.705,1.867,-0.063,-0.927
"一般酒",15.811,13.212,5.074,1.182,1.513,0.013,-1.002
"一般酒",14.344,0.703,4.148,1.653,1.14,-0.013,-1.055
"一般酒",15.424,0.433,4.923,1.351,1.966,-0.117,-1.111
"一般酒",14.497,4.461,4.097,1.085,1.638,-0.126,-0.98
"一般酒",15.756,4.9,4.837,0.975,1.254,-0.157,-1.015
"一般酒",15.831,4.39,4.554,1.224,1.075,-0.046,-0.994
"一般酒",16.107,3.822,4.705,1.103,1.704,0.174,-1.034
"一般酒",14.905,-0.005,4.12,1.425,1.084,-0.104,-0.902
"一般酒",15.694,2.52,5.014,1.569,1.622,-0.069,-0.928
"一般酒",14.161,-0.683,4.937,1.445,1.172,-0.128,-0.959
"一般酒",14.669,-1.963,5.219,0.938,1.013,-0.378,-1.02
"一般酒",15.161,-3.295,4.445,1.063,1.767,-0.047,-1.117
"一般酒",16.088,2.086,5.517,1.405,1.654,0.081,-0.967
"一般酒",15.223,3.771,5.118,1.017,1.411,0.083,-0.935
"一般酒",17.293,3.996,4.375,1.19,1.182,-0.122,-0.976
"一般酒",15.804,2.642,4.4,1.11,1.649,-0.342,-1.039
"一般酒",16.157,0.777,3.99,1.584,0.946,-0.212,-0.951
"一般酒",15.292,4.759,5.037,1.326,1.654,-0.184,-1.028
"一般酒",14.463,4.068,5.443,1.222,1.145,-0.201,-1.037
"一般酒",14.684,5.271,4.355,1.145,1.376,0.149,-0.983
"一般酒",13.618,0.89,4.162,1.521,0.991,-0.018,-0.982
"一般酒",14.128,0.986,4.694,1.217,1.446,-0.068,-0.919
"一般酒",14.607,7.586,4.268,0.981,1.172,-0.052,-0.964
"一般酒",16.166,1.487,5.552,1.105,1.83,-0.27,-0.904
"一般酒",14.588,3.107,3.047,0.925,1.226,-0.124,-0.922
"一般酒",14.905,9.314,4.522,0.888,1.275,-0.254,-0.955
"一般酒",13.659,10.747,4.478,1.497,0.65,0.207,-1.184
"一般酒",16.1,2.42,4.254,1.595,1.574,0.134,-0.991
"一般酒",15.094,-4.335,3.695,1.109,0.576,-0.037,-0.954
"一般酒",15.127,-0.652,3.526,1.201,1.132,-0.014,-1.085
"一般酒",14.984,3.002,4.059,1.008,0.776,-0.202,-0.993
"一般酒",15.682,0.679,4.722,0.81,0.973,-0.352,-1.008
"一般酒",14.489,1.094,4.089,1.12,0.544,0.081,-0.891
"一般酒",15.176,4.197,4.409,1.145,1.537,-0.288,-0.958
"一般酒",15.156,0.397,4.708,1.048,1.471,0.039,-1.018
"一般酒",14.471,6.07,3.952,1.17,1.377,-0.184,-0.97
"一般酒",15.925,6.552,3.475,1.363,1.343,-0.261,-0.984
"一般酒",15.556,3.903,4.95,0.965,1.611,0.134,-1.038
"一般酒",13.84,4.04,4.154,1.068,1.244,-0.168,-0.944
"一般酒",15.731,6.064,4.556,1.229,1.095,0.052,-1.056
"一般酒",15.997,5.151,4.365,1.012,1.437,-0.245,-1.015
"一般酒",14.998,1.537,4.788,1.346,1.495,0.075,-0.942
"一般酒",16.281,4.11,5.626,1.358,1.203,-0.015,-0.987
"一般酒",14.97,6.443,5.079,1.255,1.298,-0.033,-1.095
"一般酒",15.475,2.196,5.023,1.32,1.097,-0.078,-0.935
"一般酒",15.473,4.231,4.633,1.154,1.538,-0.282,-1.121
"一般酒",15.244,2.591,2.234,1.029,1.072,-0.231,-0.922
"一般酒",15.968,6.008,3.882,1.107,1.347,-0.114,-1.086
"一般酒",14.341,1.43,3.653,1.198,1.039,-0.194,-1.123
"一般酒",15.806,3.921,5.59,0.952,0.882,-0.086,-1.052
"一般酒",15.757,3.686,4.319,1.495,1.318,0.061,-1.069
"一般酒",15.275,-1.497,3.34,0.885,1.462,-0.062,-0.893
"一般酒",14.269,2.423,4.738,1.303,1.454,-0.226,-1.172
"一般酒",15.895,1.22,5.324,1.414,1.285,-0.269,-1.036
"一般酒",14.607,0.264,5.035,1.589,1.025,-0.024,-1.015
"一般酒",14.738,-1.74,4.399,0.863,1.103,-0.027,-0.99
"一般酒",16.206,2.582,4.373,1.273,1.246,-0.096,-0.871
"一般酒",16.196,-0.046,4.496,1.35,1.205,0.141,-0.958
"一般酒",15.387,4.623,5.404,1.403,0.784,0.168,-1.192
"一般酒",15.837,3.221,5.024,1.074,0.95,-0.098,-1.148
"一般酒",14.669,2.885,4.45,1.125,1.006,-0.022,-1.082
"一般酒",13.665,-0.71,4.227,1.27,1.535,-0.041,-0.95
"一般酒",16.568,4.923,4.454,0.932,1.844,-0.43,-1.019
"一般酒",15.385,7.066,4.89,1.219,1.311,-0.08,-0.879
"一般酒",15.67,4.602,3.524,1.181,1.237,-0.143,-0.999
"一般酒",13.539,7.698,3.829,0.792,1.721,-0.159,-0.987
"一般酒",15.043,9.124,5.372,1.43,0.822,-0.026,-1.058
"一般酒",15.154,-0.265,4.619,1.174,1.413,-0.04,-1.067
"一般酒",15.206,3.648,4.418,1.352,0.808,-0.103,-0.957
"一般酒",15.498,2.166,5.127,1.262,1.247,0.152,-0.792
"一般酒",15.483,2.907,4.802,1.273,1.162,-0.405,-0.89
"一般酒",15.547,3.751,4.18,1.159,0.933,-0.033,-0.89
"一般酒",16.135,5.575,4.114,1.354,0.573,0.007,-0.948
"一般酒",15.582,1.521,4.979,1.055,1.401,0.038,-0.971
"一般酒",16.366,2.386,5.205,1.206,1.346,-0.037,-1.102
"一般酒",13.705,1.768,3.539,0.967,1.238,0.139,-1.052
"一般酒",15.865,3.185,4.39,1.14,1.487,0.121,-0.874
"一般酒",14.2,-2.201,5.308,0.784,1.82,-0.137,-0.98
"一般酒",16.352,4.508,4.587,1.086,1.569,0.096,-0.985
"一般酒",16.066,2.602,4.25,1.407,0.684,-0.322,-1.006
"一般酒",15.436,6.573,4.532,1.22,1.199,-0.083,-0.777
"一般酒",16.93,5.407,4.44,1.242,1.864,-0.063,-1.057
"一般酒",14.557,6.145,4.543,1.437,1.206,-0.096,-0.91
"一般酒",14.934,-2.305,4.203,1.077,1.641,0.283,-0.885
"一般酒",14.808,5.551,4.475,1.464,1.637,0.122,-0.935
"一般酒",16.048,4.224,4.718,1.059,1.859,0.015,-0.942
"一般酒",14.385,2.029,4.291,1.325,1.809,-0.177,-0.916
"一般酒",16.308,4.436,3.963,1.299,0.975,0.138,-1.042
"一般酒",13.91,4.252,5.015,1.208,1.796,-0.16,-1.093
"一般酒",15.211,-0.244,4.284,1.384,1.164,-0.084,-0.931
"一般酒",15.947,0.851,4.744,1.038,1.012,-0.129,-1.078
"一般酒",15.424,0.199,3.374,1.14,1.018,-0.202,-1.029
"一般酒",14.542,-0.508,4.84,1.025,0.935,-0.253,-0.889
"一般酒",15.205,0.885,5.294,1.235,1.111,-0.084,-1.009
"一般酒",14.72,0.229,3.772,1.037,1.529,0.113,-1.014
"一般酒",15.46,-0.271,4.084,1.002,1.121,0.077,-1.091
"一般酒",16.58,6.143,3.705,1.362,1.544,-0.127,-1.156
"一般酒",16.058,3.92,4.778,1.338,1.068,-0.319,-0.941
"一般酒",14.47,7.183,4.215,0.873,1.189,0.016,-0.786
"一般酒",14.635,7.307,5.174,1.01,1.868,-0.15,-0.958
"一般酒",14.947,0.633,3.848,1.144,1.274,-0.226,-1.042
"一般酒",16.549,6.195,4.365,1.388,0.712,-0.292,-1.065
"一般酒",15.44,11.405,5.453,1.074,1.107,-0.09,-1.034
"一般酒",17.225,0.34,4.964,1.175,1.018,-0.019,-1.009
"一般酒",15.169,7.551,4.978,1.363,1.18,-0.262,-0.941
"一般酒",14.071,2.535,4.697,1.273,0.728,-0.087,-0.808
"一般酒",13.864,9.516,6.202,1.648,1.282,-0.068,-0.955
"一般酒",15.139,6.33,4.639,1.187,1.251,-0.104,-1.068
"一般酒",15.81,5.375,3.166,1.134,1.723,0.189,-1.064
"一般酒",15.793,-2.069,5.006,1.163,1.333,-0.23,-1.104
"一般酒",15.307,4.699,3.899,0.992,0.393,-0.014,-1.16
"一般酒",15.173,4.832,3.676,1.23,1.215,-0.248,-1.021
"一般酒",13.459,2.741,4.17,1.294,0.917,0.22,-0.917
"一般酒",13.842,1.868,3.771,1.057,1.507,-0.451,-0.921
"一般酒",15.464,2.82,5.069,1.061,1.424,0.104,-0.972
"一般酒",15.076,2.366,4.964,1.334,0.927,-0.164,-1.092
"一般酒",15.636,1.16,4.147,1.169,1.583,-0.144,-0.966
"一般酒",14.958,3.371,4.952,1.059,1.087,-0.03,-0.999
"一般酒",16.593,1.036,5.077,1.158,1.472,0.046,-0.966
"一般酒",14.428,4.222,5.53,1.251,1.189,-0.025,-0.849
"一般酒",14.558,1.568,4.682,1.061,0.752,-0.109,-0.947
"一般酒",14.334,1.95,4.726,0.957,0.836,0.06,-0.945
"一般酒",15.944,1.224,4.218,1.311,0.85,-0.314,-0.966
"一般酒",14.692,-0.224,4.907,1.293,0.892,-0.223,-0.854
"一般酒",15.514,6.552,5.154,1.297,1.024,-0.036,-0.88
"一般酒",15.484,8.812,4.615,1.576,1.322,0.086,-0.902
"一般酒",15.538,5.559,5.29,1.022,1.355,-0.295,-1.082
"一般酒",16.23,4.42,5.328,1.851,0.963,-0.017,-1.083
"一般酒",15.63,4.837,4.358,0.966,0.974,0.109,-1.051
"一般酒",14.77,1.912,4.648,1.263,0.784,-0.055,-0.927
"一般酒",15.787,7.172,4.88,1.255,0.743,-0.062,-0.896
"一般酒",15.625,4.874,4.388,0.588,1.15,-0.259,-1.07
"一般酒",16.237,5.588,5.557,1.014,1.485,0.163,-0.87
"一般酒",13.756,4.949,3.736,1.201,1.381,-0.329,-1.034
"一般酒",15.559,8.635,4.949,0.939,1.081,-0.015,-0.998
"一般酒",15.927,9.137,4.946,1.231,1.067,0.195,-1.064
"一般酒",14.052,1.106,3.918,1.031,1.296,-0.147,-0.916
"一般酒",14.623,2.313,4.382,1.532,1.431,-0.213,-1.047
"一般酒",15.573,3.173,4.598,1.072,0.843,0.045,-1.089
"一般酒",16.884,7.56,5.152,1.012,1.239,0.059,-1.05
"一般酒",14.577,4.817,4.86,1.107,1.699,0.114,-0.842
"一般酒",16.241,2.43,3.61,1.212,0.971,-0.103,-0.951
"一般酒",15.885,-0.918,4.014,1.057,1.503,0.036,-1.099
"一般酒",15.038,-0.023,5.455,1.025,1.987,-0.215,-0.971
"一般酒",16.973,2.125,4.621,0.765,1.525,0.351,-0.967
"一般酒",16.411,-3.036,4.233,1.099,0.878,0.078,-1.072
"一般酒",16.304,5.948,4.5,1.076,1.747,0.167,-0.94
"一般酒",15.655,2.936,3.274,0.821,1.273,0.191,-1.002
"一般酒",14.064,0.907,4.806,1.214,0.485,0.055,-0.933
"一般酒",14.989,6.017,4.716,1.195,1.431,-0.41,-1.128
"一般酒",14.304,4.984,4.914,1.319,1.093,-0.026,-1.094
"一般酒",14.619,6.094,4.618,1.37,1.076,-0.085,-0.925
"一般酒",15.932,9.505,4.03,1.299,1.647,-0.144,-0.808
"一般酒",14.983,3.732,4.262,1.182,2.025,0.045,-1.045
"一般酒",15.464,8.116,3.994,0.975,1.079,-0.271,-1.073
"一般酒",15.926,2.999,4.732,1.004,1.345,0.155,-0.915
"一般酒",14.788,3.422,4.298,1.392,1.142,-0.096,-1.049
"一般酒",15.117,10.73,5.232,1.088,1.082,-0.149,-1.003
"一般酒",15.205,4.81,4.558,1.272,1.391,0.336,-1.072
"一般酒",15.06,4.095,4.56,0.996,0.844,-0.265,-0.95
"一般酒",14.454,1.85,5.387,0.834,1.296,0.012,-0.995
"一般酒",15.875,0.209,5.306,1.418,1.056,-0.08,-0.998
"一般酒",15.293,1.519,4.079,1.01,1.438,-0.11,-1.121
"一般酒",14.593,1.582,3.356,1.333,1.484,0.084,-0.973
"一般酒",14.553,6.532,4.614,1.168,0.945,-0.116,-0.992
"一般酒",15.28,6.438,4.841,1.009,1.116,-0.305,-1.064
"一般酒",14.482,-4.408,4.564,1.043,2.065,-0.182,-1.039
"一般酒",14.055,3.767,4.689,1.125,1.848,-0.277,-0.919
"一般酒",15.704,5.415,3.632,1.41,0.985,-0.093,-0.993
"一般酒",15.068,0.687,5.014,1.433,1.063,-0.219,-0.991
"一般酒",15.794,6.142,3.834,1.688,0.825,-0.128,-0.858
"一般酒",17.211,1.614,4.477,1.047,1.362,-0.373,-0.978
"一般酒",14.654,4.491,3.621,1.56,1.153,-0.217,-0.912
"一般酒",16.511,3.877,4.442,1.247,2.181,-0.094,-0.933
"一般酒",15.885,5.798,2.978,1.227,1.251,-0.222,-0.972
"一般酒",14.587,0.193,5.756,1.19,1.199,-0.147,-0.946
"一般酒",14.565,11.178,3.866,1.212,1.271,-0.209,-0.872
"一般酒",14.183,7.721,5.796,1.241,1.582,-0.323,-0.847
"一般酒",14.951,0.012,4.258,1.512,1.297,-0.228,-1.104
"一般酒",14.908,0.071,4.766,1.243,0.975,0.437,-1.074
"一般酒",15.484,1.52,4.867,1.243,1.004,-0.086,-0.905
"一般酒",15.955,6.386,4.662,1.016,1.205,-0.027,-1.067
"一般酒",14.984,2.877,4.825,1.392,1.528,-0.213,-1.08
"一般酒",15.571,-3.353,4.418,1.066,1.099,-0.019,-1.049
"一般酒",15.231,1.126,5.062,1.199,1.102,-0.124,-0.906
"一般酒",15.453,6.401,4.513,0.979,1.385,-0.148,-1.046
"一般酒",16.788,5.397,3.873,0.986,1.583,-0.342,-1.049
"一般酒",14.917,5.048,4.163,1.315,1.219,0.095,-1.145
"一般酒",15.765,6.166,3.747,0.939,1.747,0.124,-0.862
"一般酒",15.88,-0.418,4.854,1.15,0.942,0.157,-0.933
"一般酒",14.498,5.065,4.901,1.01,0.788,-0.269,-1.001
"一般酒",15.398,-5.199,3.381,1.507,2.103,0.025,-1.078
"一般酒",14.538,6.137,5.889,0.974,0.978,-0.022,-1.038
"一般酒",14.345,-6.748,4.654,0.866,2.24,-0.18,-1.006
"一般酒",13.991,3.738,5.411,1.205,1.961,-0.197,-1.098
"一般酒",14.559,0.883,4.319,0.907,1.169,-0.205,-1.008
"一般酒",15.398,3.996,4.406,1.443,1.676,0.006,-1.109
"一般酒",14.141,3.691,4.584,1.729,1.531,-0.133,-1.025
"一般酒",16.233,4.404,4.866,0.926,0.882,-0.074,-1.047
"一般酒",14.478,3.039,3.827,0.73,1.124,-0.071,-0.96
"一般酒",14.312,0.851,4.444,0.707,1.289,-0.168,-0.984
"一般酒",16.218,-0.033,3.661,0.933,1.514,-0.205,-1.008
"一般酒",14.143,-1.369,5.084,1.348,0.998,-0.267,-1.03
"一般酒",15.411,1.461,3.019,1.149,1.378,-0.134,-0.97
"一般酒",15.962,3.309,4.806,1.131,1.632,-0.294,-1.184
"一般酒",14.888,2.943,3.457,1.08,0.708,-0.273,-0.984
"一般酒",15.612,3.633,5.154,1.246,1.416,-0.248,-0.859
"一般酒",14.823,-2.217,4.013,1.281,2.043,-0.149,-0.864
"一般酒",13.93,6.933,4.038,1.191,2.003,-0.002,-1.056
"一般酒",14.225,9.328,4.8,1.247,1.383,0.121,-0.994
"一般酒",14.144,5.578,3.218,1.007,0.883,0.008,-0.967
"一般酒",15.75,6.047,4.851,0.792,1.502,-0.062,-0.972
"一般酒",14.454,6.485,3.75,1.088,1.176,-0.136,-0.946
"一般酒",15.158,4.436,4.391,1.402,1.666,-0.028,-0.916
"一般酒",17.25,0.525,4.175,1.422,0.836,-0.341,-1.003
"一般酒",15.459,-2.44,5.115,1.097,1.651,0.008,-1.147
"一般酒",14.882,2.034,5.382,1.084,1.16,-0.325,-0.997
"一般酒",15.674,10.766,5.311,1.705,1.171,0.179,-1.083
"一般酒",15.651,0.368,3.825,1.369,1.285,0.009,-0.97
"一般酒",15.933,5.863,3.704,1.08,0.86,0.02,-1.034
"一般酒",15.983,8.671,5.615,1.213,1.095,0.11,-0.906
"一般酒",15.351,2.345,5.758,0.902,1.519,0.023,-1.033
"一般酒",15.425,5.397,4.496,1.055,1.27,0.025,-1.052
"一般酒",15.927,2.289,5.226,1.207,1.519,-0.046,-1.033
"一般酒",15.275,5.647,5.736,0.982,1.044,-0.038,-1.031
"一般酒",15.412,-3.032,3.643,1.254,1.072,0.039,-1.111
"一般酒",13.552,6.127,5.223,1.122,0.685,-0.458,-1.112
"一般酒",14.263,-3.072,4.295,1.307,1.262,-0.348,-1.106
"一般酒",15.138,4.857,4.814,1.234,1.423,-0.163,-1.058
"一般酒",17.018,9.644,3.02,0.825,1.807,-0.093,-1.016
"一般酒",15.98,6.42,4.744,1.119,1.558,-0.317,-1.105
"一般酒",14.454,1.969,4.651,1.327,1.265,-0.23,-1.132
"一般酒",14.113,-5.764,4.32,0.921,1.111,-0.173,-0.906
"一般酒",15.461,7.132,5.021,1.044,1.086,-0.455,-1.003
"一般酒",15.271,2.497,4.444,0.987,0.865,-0.092,-0.921
"一般酒",14.474,7.818,5.284,1.446,0.889,-0.35,-1.018
"一般酒",14.959,1.249,5.41,1.202,1.303,-0.017,-1.101
"一般酒",14.79,2.397,3.498,1.132,1.497,-0.004,-1.129
"一般酒",15.775,2.528,4.761,1.499,1.307,0.016,-0.935
"一般酒",14.632,1.366,3.306,0.937,0.96,-0.255,-1.072
"一般酒",14.745,5.795,2.725,0.867,0.709,-0.373,-1.167
"一般酒",15.083,-0.885,6.121,1.163,1.207,-0.091,-1.054
"一般酒",15.132,0.908,4.376,0.72,1.277,-0.08,-0.994
"一般酒",15.157,1.698,5.096,1.067,1.521,-0.322,-0.909
"一般酒",15.935,2.963,4.524,0.857,1.395,-0.312,-0.995
"一般酒",15.138,5.455,4.463,1.009,1.462,-0.139,-0.995
"一般酒",14.315,2.103,5.607,1.112,1.495,0.188,-1.048
"一般酒",16.002,3.537,5.387,1.22,0.805,-0.08,-0.946
"一般酒",15.487,5.634,4.755,1.079,1.85,0.076,-0.925
"一般酒",15.26,6.084,6.013,1.153,0.636,0.051,-1.018
"一般酒",14.847,4.033,3.756,0.893,0.836,-0.069,-0.964
"一般酒",15.214,7.264,4.28,1.325,0.842,-0.037,-1.076
"一般酒",14.851,7.016,5.943,1.445,1.187,-0.057,-0.985
"一般酒",14.499,0.819,3.393,1.474,1.255,-0.354,-1.006
"一般酒",15.134,2.634,3.413,0.999,1.587,0.084,-1.051
"一般酒",15.094,-5.491,5.019,0.854,0.944,0.037,-0.954
"一般酒",15.845,3.594,4.229,0.909,1.744,-0.13,-0.819
"一般酒",15.516,5.265,4.653,1.374,0.789,0.082,-0.969
"一般酒",15.165,0.846,4.829,1.48,2.187,-0.306,-1.002
"一般酒",15.059,4.009,4.093,1.207,1.38,-0.003,-1.003
"一般酒",15.47,5.317,5.325,1.06,0.907,-0.273,-1.047
"一般酒",14.695,3.843,4.381,0.92,1.458,0.08,-1.043
"一般酒",15.625,5.426,3.69,1.112,1.599,-0.159,-0.93
"一般酒",16.038,7.462,5.349,0.995,1.021,-0.014,-0.977
"一般酒",16.227,2.642,4.764,1.32,1.196,-0.169,-1.056
"一般酒",14.362,3.702,4.19,1.106,1.906,-0.132,-0.885
"一般酒",16.309,7.7,5.291,1.793,1.976,0.428,-1.127
"一般酒",15.417,4.366,3.759,1.568,1.171,-0.209,-1.04
"一般酒",15.819,1.624,4.686,1.122,1.052,-0.14,-1.022
"一般酒",14.793,7.144,3.749,1.235,1.387,-0.134,-0.968
"一般酒",15.406,0.805,4.189,1.016,0.991,-0.228,-1
"一般酒",14.804,5.935,3.98,1.251,1.494,0.309,-0.992
"一般酒",14.524,-2.438,4.892,1.546,2.183,-0.318,-1.052
"一般酒",16.605,2.643,5,1.258,1.205,0.006,-0.884
"一般酒",13.89,0.301,3.904,1.359,1.021,-0.206,-1.05
"一般酒",15.449,-0.604,4.34,1.286,1.162,0.078,-0.933
"一般酒",15.224,-1.771,4.949,0.992,1.179,-0.037,-0.928
"一般酒",14.401,8.353,4.456,1.064,1.814,-0.171,-1.089
"一般酒",16.557,0.552,4.745,1.224,1.26,-0.246,-1.197
"一般酒",15.192,5.773,3.549,1.331,1.274,0.163,-1.04
"一般酒",14.668,1.599,4.186,0.965,1.426,-0.17,-0.925
"一般酒",15.43,-1.371,3.095,1.558,1.493,-0.012,-0.992
"一般酒",15.404,5.522,4.487,1.608,1.288,0.074,-1.064
"一般酒",15.018,9.916,5.056,1.521,1.535,0.165,-1.002
"一般酒",14.793,1.652,4.498,1.104,0.717,-0.212,-1.016
"一般酒",14.362,2.795,5.545,1.152,1.843,-0.34,-1.046
"一般酒",15.813,4.456,4.81,1.02,1.111,-0.486,-0.977
"一般酒",15.732,0.233,4.766,1.157,1.204,0.02,-1.009
"一般酒",15.539,0.271,4.214,1.35,1.002,0.147,-1.069
"一般酒",15.324,7.662,3.778,1.478,0.874,0.226,-1.003
"一般酒",16.025,4.628,4.832,1.278,1.005,-0.281,-1.071
"一般酒",15.337,6.827,4.129,1.552,0.724,0.092,-0.985
"一般酒",14.908,5.225,4.528,1.501,1.541,0.067,-0.934
"一般酒",15.787,5.103,4.893,1.312,0.996,-0.089,-0.947
"一般酒",13.822,3.853,5.2,1.345,1.519,-0.11,-0.867
"一般酒",14.893,-2.997,4.933,1.257,0.98,0.277,-1.079
"一般酒",16.031,9.247,4.26,1.265,1.597,-0.278,-1.067
"一般酒",15.789,7.191,3.859,1.497,1.507,-0.295,-0.986
"一般酒",15.524,3.062,4.999,1.023,1.195,0.123,-1.063
"一般酒",15.705,-2.014,4.646,1.153,1.163,0.165,-1.076
"一般酒",15.786,4.639,5.077,1.501,1.199,-0.082,-0.971
"一般酒",15.656,-0.62,5.153,1.181,1.656,-0.359,-0.924
"一般酒",15.361,7.29,4.262,1.395,1.026,-0.335,-0.976
"一般酒",16.179,3.609,3.504,1.483,1.277,0.043,-0.938
"一般酒",15.541,1.815,5.218,0.829,1.323,-0.332,-0.895
"一般酒",14.968,3.454,4.806,1.222,1.374,-0.075,-1.138
"一般酒",15.177,7.968,5.058,1.099,1.084,0.098,-0.95
"一般酒",14.827,5.621,3.413,1.232,1.362,-0.397,-0.976
"一般酒",13.445,2.356,4.642,1.141,0.881,-0.343,-0.992
"一般酒",16.663,4.221,4.451,0.581,1.288,0.069,-1.086
"一般酒",14.45,3.997,3.874,1.073,1.652,0.242,-1.021
"一般酒",15.502,-2.399,5.065,1.215,1.052,-0.066,-1.13
"一般酒",15.042,7.012,3.374,1.242,1.574,-0.143,-1.106
"一般酒",15.805,5.412,5.261,1.37,0.746,-0.139,-0.949
"一般酒",15.781,-1.512,5.073,1.379,0.719,-0.297,-1.028
"一般酒",14.922,2.302,4.902,0.952,1.212,0.008,-1.159
"一般酒",15.176,5.605,4.086,0.735,0.519,-0.358,-0.982
"一般酒",14.32,9.366,4.311,1.188,1,-0.08,-0.885
"一般酒",14.515,-0.219,4.467,1.154,1.118,0.105,-0.995
"一般酒",15.75,-2.41,5.336,1.374,1.017,0.024,-1.055
"一般酒",15.334,2.159,4.178,1.558,1.539,0.109,-1.036
"一般酒",14.721,1.857,5.556,1.261,1.739,-0.195,-1.004
"一般酒",15.721,1.528,4.052,1.074,0.875,-0.109,-1.064
"一般酒",16.099,1.357,5.087,1.274,1.426,-0.038,-0.926
"一般酒",14.63,0.623,4.568,0.892,1.398,-0.017,-0.956
"一般酒",15.256,5.342,4.638,0.892,1.426,-0.057,-1.066
"一般酒",15.535,2.921,4.38,1.042,1.074,-0.059,-0.911
"一般酒",15.445,3.999,4.554,0.917,1.064,0.09,-0.917
"一般酒",16.566,-1.602,4.888,1.425,1.108,-0.098,-1.042
"一般酒",16.299,2.444,4.857,0.807,1.622,0.054,-0.921
"一般酒",15.439,7.654,5.095,0.542,0.85,0.141,-0.965
"一般酒",16.151,-1.014,4.959,1.381,1.63,-0.26,-1.057
"一般酒",15.148,3.772,5.565,0.916,1.286,0.026,-0.953
"一般酒",14.51,9.605,5.372,0.987,0.856,-0.008,-0.945
"一般酒",14.945,3.208,5.081,1.091,1.241,-0.007,-1.04
"一般酒",15.45,5.881,4.055,1.103,1.481,-0.17,-1.039
"一般酒",14.157,11.309,4.237,1.415,1.077,-0.002,-0.828
"一般酒",14.131,7.421,4.428,0.933,1.642,-0.016,-1.038
"一般酒",14.273,-3.273,4.861,1.055,1.089,0.111,-0.953
"一般酒",16.699,2.539,3.588,1.04,1.376,0.017,-1.048
"一般酒",15.274,6.601,4.162,1.274,1.405,0.06,-0.916
"一般酒",15.472,9.728,5.785,0.888,1.665,-0.167,-0.962
"一般酒",16.138,2.981,5.447,1.188,1.072,0.101,-1.066
"一般酒",13.387,1.995,3.838,1.168,1.258,-0.042,-1.114
"一般酒",16.58,1.69,4.725,1.11,1.765,0.029,-0.907
"一般酒",14.908,-2.237,4.848,1.22,0.641,0.126,-0.911
"一般酒",15.201,2.268,3.711,1.425,1.301,0.011,-0.946
"一般酒",15.901,1.683,5.04,1.218,0.612,-0.057,-0.826
"一般酒",17.409,3.97,4.184,0.767,0.542,-0.129,-0.959
"一般酒",14.777,10.279,4.885,1.149,1.356,0.157,-0.914
"一般酒",15.224,6.116,5.211,0.795,1.384,0.067,-0.918
"一般酒",16.398,4.152,5.346,1.619,0.994,0.17,-1.113
"一般酒",16.506,12.735,3.677,1.132,0.849,-0.129,-0.97
"一般酒",15.532,7.967,4.628,1.142,0.935,-0.031,-0.915
"一般酒",15.392,-3.807,3.536,1.291,0.622,-0.182,-0.969
"一般酒",15.913,10.604,3.91,1.164,1.255,0.089,-1.08
"一般酒",15.211,9.894,4.115,0.818,1.421,0.191,-1.017
"一般酒",14.539,3.603,5.055,0.975,1.565,-0.31,-1.012
"一般酒",16.003,7.273,4.11,1.313,1.476,0.123,-0.95
"一般酒",15.993,3.89,5.25,1.283,1.316,-0.061,-0.845
"一般酒",15.48,8.112,3.841,1.258,1.142,-0.434,-1.08
"一般酒",15.981,1.995,5.089,0.777,1.523,-0.031,-1.115
"一般酒",15.42,5.501,3.899,1.173,1.082,-0.176,-0.959
"一般酒",16.38,8.397,5.088,0.899,1.665,-0.018,-0.99
"一般酒",14.754,4.502,4.724,1.534,1.474,-0.071,-0.921
"一般酒",15.46,1.199,4.926,1.477,0.701,-0.077,-0.968
"一般酒",14.991,6.777,4.999,1.274,1.107,-0.301,-1.013
"一般酒",14.127,2.357,4.798,0.905,1.188,0.032,-1.051
"一般酒",15.152,0.312,4.2,1.157,0.781,-0.127,-1.025
"一般酒",15.296,-0.217,4.311,1.153,1.453,0.029,-1.018
"一般酒",16.883,4.962,4.262,1.281,0.938,-0.175,-1.083
"一般酒",15.254,-1.443,4.086,1.425,1.7,-0.306,-0.998
"一般酒",14.942,3.436,4.098,0.663,1.672,-0.118,-0.949
"一般酒",14.825,-1.272,5.93,1.436,1.211,-0.118,-0.869
"一般酒",14.18,6.282,4.339,0.964,1.01,0.006,-1.063
"一般酒",14.217,10.293,4.548,1.081,1.658,0.116,-1.099
"一般酒",14.336,5.493,3.894,1.068,0.961,-0.299,-1.015
"一般酒",15.34,4.316,4.923,0.948,0.871,0.148,-0.963
"一般酒",15.624,3.469,3.975,0.914,1.672,0.097,-1.123
"一般酒",14.785,5.063,4.779,1.31,1.059,-0.281,-0.948
"一般酒",15.239,0.142,5.346,1.126,1.403,0.36,-0.996
"一般酒",14.927,3.357,5.012,1.339,1.529,-0.073,-0.938
"一般酒",15.476,-0.09,5.382,1.229,2.017,-0.018,-0.839
"一般酒",13.19,3.314,4.577,1.271,1.522,0.102,-1.017
"一般酒",15.483,6.351,5.126,1.262,1.414,-0.293,-1.065
"一般酒",15.584,3.571,4.67,1.265,1.207,-0.023,-1.105
"一般酒",14.025,7.761,3.674,1.385,1.027,0.236,-0.892
"一般酒",14.947,2.385,4.095,1.255,0.796,-0.034,-1.021
"一般酒",15.779,6.338,5.971,1.324,1.229,-0.188,-1.024
"一般酒",14.038,2.893,5.38,1.304,1.666,0.053,-0.974
"一般酒",16.199,3.58,4.506,1.275,1.754,-0.211,-0.907
"一般酒",15.306,2.855,4.582,1.259,1.209,0.197,-0.968
"一般酒",15.975,8.972,4.367,1.075,1.093,0.255,-1.153
"一般酒",14.433,4.409,3.567,1.065,1.578,0.176,-1.046
"一般酒",14.121,2.753,4.194,1.376,1.303,-0.295,-0.947
"一般酒",14.708,5.617,4.857,0.836,1.28,-0.014,-1.041
"一般酒",15.168,2.987,4.817,0.767,0.846,0.097,-0.97
"一般酒",15.459,5.691,3.768,1.483,1.071,-0.087,-0.968
"一般酒",15.105,5.871,4.891,1.065,1.054,0.07,-0.984
"一般酒",14.961,3.476,4.967,1.089,0.753,-0.294,-0.832
"一般酒",14.622,2.043,3.987,1.219,1.744,-0.145,-1.195
"一般酒",14.583,-2.913,4.28,1.152,1.484,-0.113,-1.08
"一般酒",14.544,-0.154,5.239,0.699,1.389,-0.12,-0.89
"一般酒",14.71,3.669,5.949,0.889,1.142,-0.099,-1.164
"一般酒",15.79,3.28,5.756,1.004,1.774,-0.052,-0.955
"一般酒",14.682,-2.515,5.733,1.66,1.128,-0.14,-0.93
"一般酒",16.344,5.653,4.438,1.414,0.776,-0.34,-1.024
"一般酒",13.953,0.57,4.523,1.035,1.324,-0.057,-1.105
"一般酒",15.422,5.074,4.452,1.082,1.05,-0.297,-0.936
"一般酒",14.303,1.935,4.603,1.313,1.335,-0.033,-0.913
"一般酒",15.24,1.403,3.649,1.091,1.439,-0.209,-1.026
"一般酒",14.552,1.439,4.842,1.808,1.174,0.181,-0.952
"一般酒",15.037,2.469,4.029,1.198,1.676,0.183,-0.88
"一般酒",14.752,8.503,4.155,0.989,1.212,0.058,-0.951
"一般酒",15.544,5.408,4.313,1.092,0.878,0.141,-0.985
"一般酒",14.667,3.042,5.025,1.105,1.648,0.044,-0.916
"一般酒",15.786,-0.48,4.121,1.076,0.727,0.177,-1.106
"一般酒",16.23,2.778,4.818,1.078,1.493,-0.026,-0.991
"一般酒",14.365,7.174,4.888,1.35,1.027,-0.11,-0.735
"一般酒",15.94,9.706,5.506,1.213,1.353,-0.285,-1.016
"一般酒",15.16,0.649,5.215,1.059,1.077,-0.15,-1.095
"一般酒",14.808,5.209,5.455,1.031,0.956,-0.143,-1
"一般酒",14.139,-4.025,3.464,1.454,0.931,-0.031,-0.981
"一般酒",15.213,2.866,4.325,1.08,1.182,-0.246,-1.006
"一般酒",16.541,4.075,3.332,1.038,1.468,0.023,-1.057
"一般酒",14.054,3.574,3.134,1.023,0.715,-0.139,-1.018
"一般酒",15.027,5.725,4.283,0.845,1.23,-0.027,-1.088
"一般酒",15.79,0.339,5.589,0.969,-0.097,-0.036,-0.965
"一般酒",16.83,3.796,5.425,0.942,1.545,-0.218,-1.105
"一般酒",15.324,2.99,4.579,0.969,1.185,0.03,-1.144
"一般酒",15.408,10.398,4.733,1.457,1.14,-0.058,-0.8
"一般酒",15.059,-3.322,4.24,1.638,1.305,-0.085,-1.024
"一般酒",14.498,9.378,5.996,1.316,0.966,0.236,-1.096
"一般酒",15.362,-1.215,4.434,1.054,1.176,0.003,-1.003
"一般酒",17.399,5.696,5.597,1.039,1.113,-0.269,-0.942
"一般酒",15.458,1.336,4.591,1.09,1.701,-0.062,-1.04
"一般酒",13.451,1.301,5.187,1.218,0.853,-0.081,-0.955
"一般酒",15.176,-0.65,4.58,1.604,1.652,-0.318,-0.984
"一般酒",15.116,6.781,4.29,1.34,1.974,-0.272,-1.013
"一般酒",15.325,3.048,5.198,1.058,1.503,-0.16,-0.971
"一般酒",15.12,8.735,5.09,1.332,1.625,-0.134,-0.97
"一般酒",16.431,8.615,4.056,1.005,1.699,-0.146,-1.047
"一般酒",13.903,3.231,4.755,1.249,1.137,-0.005,-1.064
"一般酒",16.888,-2.358,4.19,1.258,0.585,-0.215,-0.854
"一般酒",15.139,2.107,4.334,1.187,1.321,0.163,-0.985
"一般酒",16.527,4.093,4.433,0.681,1.512,0.002,-1.081
"一般酒",15.432,1.764,3.992,1.205,2.08,0.067,-0.794
"一般酒",14.757,2.718,5.212,0.773,1.821,0.153,-0.997
"一般酒",15.877,2.498,4.246,1.336,1.352,-0.349,-0.994
"一般酒",15.536,5.611,4.029,1.614,1.4,0.162,-0.952
"一般酒",14.465,2.346,4.153,0.909,1.626,-0.175,-0.971
"一般酒",14.324,0.814,4.309,1.404,1.632,-0.136,-0.852
"一般酒",14.893,3.692,5.413,1.138,1.557,-0.004,-1.031
"一般酒",15.479,4.894,4.899,1.058,0.913,0.055,-0.988
"一般酒",14.138,3.904,3.948,1.217,1.467,0.147,-1.083
"一般酒",14.382,11.131,4.689,1.205,1.432,-0.362,-1.021
"一般酒",15.018,-0.13,4.134,1.35,1.338,0.036,-0.905
"一般酒",15.074,2.191,3.395,1.556,1.22,0.168,-1.077
"一般酒",16.398,4.186,6.471,1.512,1.673,-0.323,-0.977
"一般酒",15.539,9.821,4.913,1.286,1.238,0.011,-1.084
"一般酒",14.078,7.668,4.118,0.696,1.087,-0.192,-1.008
"一般酒",14.836,0.24,5.108,1.44,1.009,-0.185,-1.081
"一般酒",13.937,-1.681,4.267,0.896,1.315,-0.21,-0.773
"一般酒",15.644,6.203,4.45,1.137,1.546,0.017,-0.967
"一般酒",15.663,6.374,4.768,1.29,0.807,0.187,-1.05
"一般酒",15.425,2.585,4.495,0.792,1.395,-0.096,-0.989
"一般酒",15.882,6.488,4.057,1.403,1.354,0.078,-0.932
"一般酒",16.102,0.314,3.45,1.466,1.235,-0.001,-1.041
"一般酒",16.065,6.361,3.844,1.428,1.564,-0.205,-0.942
"一般酒",15.174,9.218,4.991,1.067,0.918,-0.008,-0.911
"一般酒",15.144,3.612,5.329,1.393,1.205,-0.026,-1
"一般酒",15.473,4.627,2.879,0.954,1.349,-0.219,-1.066
"一般酒",15.078,2.888,4.402,1.094,1.611,0.002,-1.029
"一般酒",15.396,1.826,4.332,1.166,1.635,-0.158,-1.076
"一般酒",14.86,0.354,4.158,1.44,1.646,0.108,-0.883
"一般酒",15.174,0.332,4.064,0.986,0.836,0.241,-0.986
"一般酒",15.43,-1.558,4.441,1.188,1.368,-0.225,-0.892
"一般酒",15.082,7.351,4.809,0.898,0.431,-0.054,-0.976
"一般酒",14.597,4.296,4.964,1.179,1.075,-0.192,-1.107
"一般酒",14.52,3.278,3.96,0.876,1.184,-0.271,-0.924
"一般酒",13.981,1.582,4.656,1.089,0.641,-0.105,-1.079
"一般酒",15.195,2.363,3.464,0.901,1.015,-0.529,-0.987
"一般酒",15.075,-2.652,4.487,1.248,0.99,-0.132,-0.952
"一般酒",15.195,10.758,4.432,1.455,1.409,-0.141,-1.032
"一般酒",15.947,5.592,4.895,0.838,1.372,0.118,-1.051
"一般酒",15.45,6.82,4.931,1.338,2.044,-0.081,-0.892
"一般酒",14.755,1.717,4.653,1.493,0.93,0.052,-0.932
"一般酒",15.591,4.733,5.054,1.274,1.715,0.029,-0.873
"一般酒",14.708,6.497,4.532,1.087,1.914,-0.254,-1.042
"一般酒",15.535,1.158,4.01,1.261,1.429,0.339,-0.96
"一般酒",15.953,8.681,5.492,1.132,1.778,-0.066,-1.093
"一般酒",16.25,0.978,3.996,1.435,0.81,0.089,-1.024
"一般酒",14.626,0.685,3.935,1.179,1.375,0.027,-0.979
"一般酒",15.201,-0.418,6.046,1.413,1.41,-0.037,-1.062
"一般酒",16.998,5.771,4.797,1.146,1.56,-0.116,-0.883
"一般酒",16.048,3.229,4.702,1.395,1.19,-0.536,-1.056
"一般酒",16.032,6.667,4.656,1.238,1.029,-0.186,-1.035
"一般酒",15.04,-3.405,4.16,1.28,0.695,-0.251,-0.939
"一般酒",14.028,7.715,5.06,0.739,1.106,-0.041,-0.886
"一般酒",15.147,4.339,3.155,1.42,0.777,-0.095,-0.992
"一般酒",14.368,4.997,4.704,1.192,1.276,-0.2,-0.789
"一般酒",15.983,6.408,3.465,1.548,1.322,0.127,-1.108
"一般酒",13.431,4.523,5.066,0.945,1.568,-0.016,-1.042
"一般酒",15.291,6.784,5.254,1.22,1.328,0.043,-1.106
"一般酒",15.32,3.157,3.496,1.316,1.24,-0.343,-0.896
"一般酒",14.302,4.431,5.647,1.382,1.123,-0.167,-1.082
"一般酒",15.582,4.03,4.447,1.471,1.574,-0.054,-0.971
"一般酒",14.574,1.332,4.588,1.324,1.638,0.072,-1.039
"一般酒",14.452,5.381,4.971,0.919,1.197,0.069,-1.002
"一般酒",15.935,0.683,4.049,1.299,1.503,-0.331,-0.953
"一般酒",15.566,1.408,4.597,1.249,0.662,-0.262,-0.866
"一般酒",15.856,-1.592,5.348,1.347,0.842,-0.013,-0.866
"一般酒",15.169,6.09,5.115,0.998,1.06,0.102,-0.947
"一般酒",14.258,2.243,5.42,1.01,0.97,-0.288,-0.918
"一般酒",16.566,7.728,5.124,1.102,2.039,0.123,-1.152
"一般酒",14.318,2.902,4.89,1.028,1.145,0.077,-0.847
"一般酒",14.835,0.778,5.332,1.431,1.973,-0.318,-1.06
"一般酒",15.215,4.072,5.023,1.215,1.458,-0.166,-1.073
"一般酒",15.824,3.613,3.303,0.945,1.443,-0.007,-1.124
"一般酒",15.953,7.217,5.208,1.381,1.02,-0.047,-1.04
"一般酒",15.876,7.635,4.797,0.815,1.147,-0.123,-0.855
"一般酒",15.018,3.748,4.247,0.998,1.205,0.093,-1.046
"一般酒",15.874,6.629,3.954,0.665,1.406,0.106,-0.941
"一般酒",16.023,3.824,3.723,1.184,1.54,0.02,-1.02
"一般酒",14.543,6.685,3.501,1.365,1.343,0.076,-1.119
"一般酒",13.791,-1.133,4.788,1.178,1.177,-0.16,-0.975
"一般酒",15.111,8.841,3.844,0.841,0.827,0.162,-0.922
"一般酒",15.883,1.773,5.359,0.917,1.199,-0.214,-0.936
"一般酒",15.548,1.992,4.977,0.954,1.021,-0.13,-0.962
"一般酒",15.142,4.829,3.57,1.019,2.079,-0.046,-1.007
"一般酒",15.652,0.647,4.917,1.443,1.457,-0.036,-0.862
"一般酒",15.799,3.245,4.577,1.216,1.456,-0.146,-1.124
"一般酒",15.418,10.698,5.549,0.912,0.881,0.392,-1.036
"一般酒",15.437,1.184,5.075,1.415,0.996,-0.008,-1.036
"一般酒",15.58,6.001,3.755,1.194,1.137,-0.168,-0.843
"一般酒",13.971,1.429,4.949,1.054,1.04,-0.223,-1.067
"一般酒",15.385,4.032,5.183,0.977,1.284,0.059,-0.911
"一般酒",15.4,9.433,6.055,1.02,1.797,-0.223,-1.058
"一般酒",15.3,4.374,4.569,1.296,0.777,-0.334,-0.779
"一般酒",14.673,1.747,4.251,1.238,1.642,-0.069,-0.986
"一般酒",15.767,5.552,5.502,0.83,0.907,-0.252,-0.96
"一般酒",14.55,3.723,4.702,0.884,1.349,0.099,-0.95
"一般酒",14.829,2.083,4.096,0.932,1.504,-0.251,-0.922
"一般酒",14.734,1.014,4.795,0.836,1.354,-0.303,-0.997
"一般酒",15.455,3.327,6.107,1.359,1.501,-0.077,-1.053
"一般酒",14.771,3.68,5.043,0.952,1.722,-0.032,-0.968
"一般酒",15.639,10.148,4.343,1.212,1.21,-0.422,-0.846
"一般酒",15.645,5.844,5.936,1.355,1.182,-0.271,-1.055
"一般酒",15.63,6.102,4.379,1.3,1.102,-0.025,-0.984
"一般酒",16.387,1.653,5.9,1.205,1.216,0.174,-0.843
"一般酒",14.922,3.314,5.305,1.802,1.324,-0.132,-0.934
"一般酒",14.167,-1.409,3.102,1.224,1.768,-0.013,-0.852
"一般酒",13.901,1.258,4.352,0.962,0.977,-0.106,-0.999
"一般酒",15.985,7.725,5.519,0.994,0.977,-0.014,-1.091
"一般酒",13.392,7.439,3.867,0.778,0.751,0.142,-0.965
"一般酒",15.118,4.135,4.914,1.13,0.993,-0.035,-0.882
"一般酒",16.128,0.807,4.323,1.134,1.14,-0.098,-0.94
"一般酒",14.525,6.062,3.986,1.226,1.519,0.008,-0.929
"一般酒",15.484,2.697,5.216,1.457,1.605,0.239,-0.967
"一般酒",16.095,5.745,4.7,1,0.773,-0.07,-0.915
"一般酒",15.035,10.926,4.643,1.012,1.906,-0.061,-0.881
"一般酒",15.284,-3.102,5.102,1.473,0.924,-0.057,-1.017
"一般酒",14.965,3.529,4.439,1.208,1.4,0.01,-1.084
"一般酒",16.359,2.22,3.694,0.881,1.956,-0.031,-1.137
"一般酒",16.001,2.421,6.197,0.974,1.273,0.169,-1.014
"一般酒",14.956,5.973,5.973,1.027,1.11,-0.042,-0.989
"一般酒",14.621,4.865,5.812,1.027,0.891,-0.034,-1.01
"一般酒",16.43,5.387,4.965,1.299,1.562,0.039,-1.05
"一般酒",16.446,10.331,4.776,1.035,1.368,-0.109,-1.016
"一般酒",15.696,7.686,4.761,1.444,1.186,-0.176,-0.75
"一般酒",14.899,-1.262,4.893,0.98,1.665,0.083,-0.906
"一般酒",15.133,2.288,5.176,1.073,0.721,0.004,-0.883
"一般酒",15.086,3.348,5.281,1.211,1.124,0.186,-0.851
"一般酒",14.695,-3.045,4.638,0.903,0.866,-0.153,-1.149
"一般酒",15.252,1.647,4.638,1.006,1.533,-0.426,-0.967
"一般酒",15.113,1.33,5.235,0.799,1.343,-0.155,-0.973
"一般酒",14.406,-1.356,4.763,1.278,0.771,-0.214,-1.1
"一般酒",15.769,3.89,4.526,1.641,1.1,0.158,-0.986
"一般酒",14.179,9.347,5.031,0.804,1.539,0.067,-0.979
"一般酒",14.868,-1.602,3.928,1.431,1.192,-0.23,-1.127
"一般酒",16.874,-2.465,4.108,0.913,1.23,-0.138,-1.019
"一般酒",14.717,8.986,5.617,1.12,1.405,0.326,-1.134
"一般酒",16.361,-0.374,3.823,1.461,1.419,-0.245,-0.952
"一般酒",14.46,8.355,4.652,1.424,1.959,-0.014,-0.942
"一般酒",15.483,-0.924,4.344,0.963,1.457,0.145,-0.99
"一般酒",15.123,5.415,6.02,1.371,1.65,0.235,-1.012
"一般酒",15.627,2.082,4.18,0.93,0.751,0.114,-1.15
"一般酒",15.408,8.024,4.562,1.046,1.511,-0.196,-1.045
"一般酒",14.712,6.799,5.252,1.19,1.553,-0.268,-1.058
"一般酒",16.18,4.668,4.668,1.19,1.011,-0.232,-1.025
"一般酒",14.593,4.107,4.177,1.46,1.036,-0.093,-0.966
"一般酒",15.675,-0.521,3.447,1.194,1.323,0.357,-1.072
"一般酒",15.099,8.412,4.329,0.892,1.4,0.11,-0.953
"一般酒",14.121,2.774,4.403,1.132,1.271,-0.063,-1.105
"一般酒",15.268,1.391,4.756,1.255,1.422,-0.212,-0.895
"一般酒",16.102,0.804,4.759,1.536,1.416,-0.095,-0.942
"一般酒",16.486,3.784,5.593,0.657,1.315,-0.065,-1.03
"一般酒",14.798,-3.447,4.239,1.737,0.975,-0.117,-1.045
"一般酒",15.257,7.127,3.672,1.484,0.958,-0.158,-0.91
"一般酒",14.631,3.876,4.011,0.984,1.47,-0.07,-1.009
"一般酒",15.131,2.564,4.021,1.176,2.216,0.022,-0.972
"一般酒",15.364,2.903,4.105,1.174,1.029,-0.015,-0.938
"一般酒",15.082,2.345,4.525,0.908,1.466,0.054,-0.925
"一般酒",13.885,8.451,4.81,1.766,1.212,0.212,-1.06
"一般酒",15.354,2.321,3.555,1.076,1.197,-0.08,-0.918
"一般酒",14.579,2.585,5.663,1.237,1.112,0.001,-1.082
"一般酒",14.984,3.61,5.466,1.159,1.364,0.135,-1.037
"一般酒",14.875,3.09,5.077,0.995,1.446,0.219,-0.889
"一般酒",15.521,-5.908,5.052,0.908,0.909,-0.266,-1.012
"一般酒",15.767,2.419,4.467,1,1.026,0.069,-0.764
"一般酒",16.197,7.285,4.049,1.02,1.199,-0.099,-1.016
"一般酒",15.256,6.899,4.774,1.125,0.804,-0.383,-1.11
"一般酒",14.75,-1.542,5.786,1.384,1.363,-0.034,-0.901
"一般酒",15.896,-3.211,3.103,1.257,1.588,0.05,-1.078
"一般酒",15.623,2.775,3.853,1.293,1.371,-0.334,-1.073
"一般酒",14.544,3.119,4.708,1.417,1.093,-0.17,-1.001
"吟醸酒",15.256,1.932,4.469,1.574,1.166,-0.159,-0.801
"吟醸酒",15.783,1.696,4.3,1.789,1.348,-0.505,-0.716
"吟醸酒",15.317,3.174,4.697,1.25,1.581,-0.179,-0.765
"吟醸酒",14.946,4.272,5.482,1.273,0.772,-0.188,-0.633
"吟醸酒",14.516,2.404,5.072,0.912,0.851,-0.367,-0.709
"吟醸酒",15.393,5.34,4.821,0.803,1.453,-0.265,-0.695
"吟醸酒",15.836,4.88,4.329,1.389,1.294,-0.383,-0.741
"吟醸酒",15.516,5.012,5.321,1.131,1.126,-0.314,-0.835
"吟醸酒",14.728,5.413,4.66,1.103,0.9,-0.183,-0.753
"吟醸酒",17.392,2.508,4.095,1.372,1.383,-0.308,-0.863
"吟醸酒",15.874,3.324,4.403,1.082,1.126,-0.463,-0.866
"吟醸酒",16.01,3.21,4.115,1.234,1.368,-0.275,-0.659
"吟醸酒",14.792,4.785,5.081,1.035,1.198,-0.282,-0.667
"吟醸酒",16.917,3.299,5.198,1.604,1.181,-0.282,-0.678
"吟醸酒",15.989,0.691,3.763,1.359,1.585,-0.084,-0.753
"吟醸酒",14.987,1.889,4.38,0.842,1.4,-0.01,-0.71
"吟醸酒",16.679,4.974,3.917,1.299,1.343,-0.297,-0.762
"吟醸酒",14.956,5.698,4.488,1.233,1.084,-0.31,-0.754
"吟醸酒",14.585,7.995,4.623,1.633,1.293,-0.194,-0.793
"吟醸酒",16.642,0.503,3.859,1.069,1.008,-0.285,-0.874
"吟醸酒",15.855,-4.892,4.207,1.146,1.3,-0.022,-0.684
"吟醸酒",15.944,11.417,4.996,1.193,0.652,-0.369,-0.709
"吟醸酒",14.676,3.559,5.554,1.388,0.937,-0.281,-0.799
"吟醸酒",15.951,6.052,4.032,1.176,1.56,-0.128,-0.745
"吟醸酒",14.024,0.082,4.084,1.202,1.194,-0.57,-0.779
"吟醸酒",16.131,5.934,4.024,1.173,1.292,-0.395,-0.631
"吟醸酒",16.511,1.978,5.439,1.442,1.263,-0.276,-0.692
"吟醸酒",16.466,5.145,3.72,1.554,1.636,-0.212,-0.675
"吟醸酒",15.661,1.801,4.576,1.494,1.36,-0.375,-0.773
"吟醸酒",15.648,1.136,4.77,1.22,1.109,-0.115,-0.743
"吟醸酒",15.918,7.578,5.22,1.469,1.417,-0.324,-0.64
"吟醸酒",14.811,5.167,4.355,1.579,1.362,-0.352,-0.679
"吟醸酒",16.41,2.104,4.44,1.111,1.234,-0.218,-0.646
"吟醸酒",16.38,6.065,5.553,1.261,1.168,-0.239,-0.779
"吟醸酒",15.026,6.033,5.871,0.845,1.501,-0.274,-0.767
"吟醸酒",14.559,4.552,5.001,1.284,1.211,-0.403,-0.853
"吟醸酒",15.136,9.376,4.713,0.987,1.163,-0.288,-0.818
"吟醸酒",16.784,2.148,4.593,1.078,1.115,-0.018,-0.785
"吟醸酒",15.915,9.698,4.557,1.357,1.305,-0.323,-0.748
"吟醸酒",16.318,3.861,5.038,1.719,0.943,-0.319,-0.793
"吟醸酒",17.184,2.509,4.96,1.217,1.056,-0.262,-0.823
"吟醸酒",16.62,3.356,4.097,1.489,1.185,-0.157,-0.804
"吟醸酒",16.953,1.824,5.58,1.398,1.682,-0.306,-0.691
"吟醸酒",15.222,5.33,4.586,1.421,1.226,-0.257,-0.694
"吟醸酒",16.962,3.633,4.259,1.224,1.314,-0.178,-0.793
"吟醸酒",16.474,4.804,4.533,1.582,1.533,-0.24,-0.814
"吟醸酒",16.232,9.482,5.044,1.687,0.905,-0.199,-0.699
"吟醸酒",14.594,1.47,4.838,1.44,1.196,-0.15,-0.695
"吟醸酒",16.705,0.24,4.792,1.265,1.617,-0.219,-0.761
"吟醸酒",15.082,5.289,4.495,1.124,1.403,-0.59,-0.699
"吟醸酒",15.566,6.762,3.142,1.434,0.75,-0.492,-0.759
"吟醸酒",16.615,3.148,4.308,1.779,1.354,-0.379,-0.789
"吟醸酒",14.167,2.154,4.301,1.31,1.441,-0.095,-0.766
"吟醸酒",14.802,8.997,4.744,1.242,0.819,-0.231,-0.778
"吟醸酒",16.523,6.845,4.21,1.275,2.008,-0.246,-0.699
"吟醸酒",15.806,3.193,4.779,1.628,1.358,-0.17,-0.765
"吟醸酒",15.918,8.367,4.71,1.424,1.178,-0.147,-0.846
"吟醸酒",16.538,6.408,2.61,1.091,1.046,-0.09,-0.831
"吟醸酒",14.535,4.01,4.26,0.887,1.119,-0.321,-0.754
"吟醸酒",15.111,7.486,5.715,1.109,1.572,-0.138,-0.766
"吟醸酒",16.741,2.798,5.42,1.142,1.47,-0.16,-0.904
"吟醸酒",15.467,1.676,4.447,0.88,1.164,-0.174,-0.744
"吟醸酒",16.506,6.194,4.291,1.085,0.768,-0.369,-0.77
"吟醸酒",14.723,6.225,4.526,1.134,1.374,-0.446,-0.765
"吟醸酒",16.751,4.409,4.55,1.233,0.975,-0.411,-0.598
"吟醸酒",14.485,4.663,4.428,1.273,0.955,-0.138,-0.777
"吟醸酒",14.345,9.823,4.993,1.46,1.215,-0.188,-0.867
"吟醸酒",15.256,7.424,5.11,1.273,1.06,-0.305,-0.765
"吟醸酒",16.064,6.274,4.997,1.35,1.251,-0.304,-0.751
"吟醸酒",15.229,2.747,5.533,1.33,1.409,-0.265,-0.71
"吟醸酒",17.223,0.737,4.47,1.599,1.477,-0.216,-0.794
"吟醸酒",15.397,5.014,3.76,1.248,1.071,-0.434,-0.777
"吟醸酒",15.94,4.834,5.544,1.399,1.179,-0.459,-0.74
"吟醸酒",15.457,-0.109,4.91,1.131,0.423,-0.267,-0.752
"吟醸酒",15.651,4.554,4.644,1.297,1.927,-0.345,-0.798
"吟醸酒",15.692,2.386,4.308,1.393,1.33,-0.188,-0.693
"吟醸酒",15.483,6.455,5.438,1.311,1.052,-0.371,-0.804
"吟醸酒",15.184,2.698,4.456,1.144,1.147,-0.272,-0.761
"吟醸酒",16.596,4.996,4.275,1.546,1.052,-0.206,-0.836
"吟醸酒",15.547,-2.214,3.836,1.714,1.318,-0.023,-0.8
"吟醸酒",16.271,1.76,5.724,0.598,1.227,-0.189,-0.568
"吟醸酒",15.922,5.93,3.232,1.366,0.962,-0.18,-0.707
"吟醸酒",15.332,4.866,5.338,1.451,1.495,-0.188,-0.766
"吟醸酒",15.7,9.58,4.376,1.103,1.439,-0.455,-0.856
"吟醸酒",16.561,4.219,4.791,1.119,1.692,-0.175,-0.788
"吟醸酒",15.843,-4.133,5.191,1.654,1.196,-0.114,-0.744
"吟醸酒",17.394,3.541,4.526,1.435,0.529,-0.203,-0.763
"吟醸酒",16.38,2.063,5.445,1.566,1.766,-0.169,-0.686
"吟醸酒",16.063,4.06,4.226,1.209,1.606,-0.337,-0.612
"吟醸酒",15.637,4.819,4.528,1.168,1.128,-0.171,-0.641
"吟醸酒",15.76,3.416,4.065,1.585,0.886,-0.075,-0.751
"吟醸酒",16.005,2.851,5.422,1.364,1.136,-0.297,-0.802
"吟醸酒",16.165,3.209,5.231,1.056,1.073,-0.18,-0.803
"吟醸酒",17.264,7.061,5.305,1.369,1.099,-0.307,-0.685
"吟醸酒",16.27,0.693,5.149,1.319,1.419,0.011,-0.7
"吟醸酒",16.757,6.859,4.901,1.106,0.837,-0.267,-0.787
"吟醸酒",16.318,4.057,5.827,1.487,1.261,-0.372,-0.802
"吟醸酒",16.412,0.208,4.601,1.02,0.939,-0.157,-0.608
"吟醸酒",16.715,9.183,4.57,1.308,1.241,-0.137,-0.83
"吟醸酒",16.43,-0.031,3.933,1.505,1.17,-0.398,-0.872
"吟醸酒",15.339,6.438,4.671,1.053,1.189,-0.308,-0.796
"吟醸酒",15.842,5.839,4.884,1.452,0.899,-0.234,-0.733
"吟醸酒",15.754,5.882,4.746,1.42,0.952,-0.159,-0.687
"吟醸酒",15.643,2.27,4.74,0.925,1.144,-0.436,-0.821
"吟醸酒",17.297,2.956,4.555,1.126,1.574,-0.116,-0.638
"吟醸酒",16.407,4.904,4.449,0.949,1.544,-0.222,-0.694
"吟醸酒",16.142,5.616,3.514,1.392,1.177,-0.201,-0.793
"吟醸酒",16.054,5.097,5.301,1.733,1.198,-0.46,-0.732
"吟醸酒",15.936,3.584,4.994,1.116,1.191,-0.544,-0.894
"吟醸酒",16.289,2.064,4.848,1.415,1.266,-0.492,-0.628
"吟醸酒",16.829,4.958,5.236,1.033,0.55,-0.316,-0.818
"吟醸酒",17.07,3.637,4.32,1.22,1.13,-0.352,-0.663
"吟醸酒",15.263,1.776,5.01,1.129,1.475,-0.224,-0.891
"吟醸酒",16.093,10.09,5.451,1.243,0.957,-0.232,-0.621
"吟醸酒",15.4,5.358,4.631,1.32,1.02,0.016,-0.743
"吟醸酒",16.34,5.237,5.012,0.993,1.326,-0.212,-0.733
"吟醸酒",15.201,4.315,4.828,1.28,1.496,-0.117,-0.652
"吟醸酒",16.42,1.484,4.683,1.23,1.071,-0.305,-0.689
"吟醸酒",16.474,1.448,4.028,1.329,0.69,-0.355,-0.797
"吟醸酒",16.564,4.663,5.098,1.313,1.4,0.025,-0.806
"吟醸酒",15.464,2.617,5.293,0.645,1.646,-0.366,-0.697
"吟醸酒",16.558,4.972,5.204,1.548,1.186,0.025,-0.713
"吟醸酒",14.607,5.076,3.816,1.535,1.211,-0.495,-0.774
"吟醸酒",17.577,1.12,4.466,1.051,1.365,-0.395,-0.831
"吟醸酒",15.371,1.876,4.195,1.118,1.451,-0.414,-0.699
"吟醸酒",16.728,4.411,4.626,1.016,0.549,-0.323,-0.749
"吟醸酒",15.249,-1.172,4.007,1.434,1.529,-0.272,-0.587
"吟醸酒",16.178,4.194,4.598,1.153,0.998,-0.251,-0.809
"吟醸酒",16.434,3.98,5.293,1.444,1.223,-0.317,-0.678
"吟醸酒",16.148,2.052,5.634,1.203,1.316,-0.171,-0.725
"吟醸酒",14.112,6.986,3.686,1.359,1.46,-0.383,-0.688
"吟醸酒",13.467,0.185,5.318,1.628,1.353,-0.162,-0.646
"吟醸酒",16.644,4.705,5.391,1.595,1.26,-0.241,-0.641
"吟醸酒",15.358,0.934,4.486,1.503,1.574,-0.388,-0.683
"吟醸酒",15.035,6.7,4.074,1.114,1.328,-0.447,-0.772
"吟醸酒",15.85,-2.179,4.203,2.02,1.145,-0.312,-0.791
"純米酒",15.513,4.334,5.717,1.637,1.481,-0.543,-0.413
"純米酒",15.825,8.549,4.316,1.357,1.52,-0.455,-0.436
"純米酒",15.196,2.102,5.005,1.583,1.35,-0.786,-0.353
"純米酒",15.187,3.347,4.237,1.376,1.396,-0.373,-0.355
"純米酒",14.349,3.702,3.219,1.812,1.708,-0.252,-0.323
"純米酒",15.745,5.232,5.117,2.088,1.46,-0.366,-0.518
"純米酒",15.699,3.901,5.772,1.77,1.615,-0.755,-0.531
"純米酒",14.668,6.755,4.537,1.642,1.329,-0.418,-0.415
"純米酒",15.147,2.269,4.765,1.398,1.362,-0.623,-0.422
"純米酒",16.16,4.434,4.302,1.227,1.69,-0.53,-0.536
"純米酒",14.972,7.917,4.382,1.821,1.354,-0.525,-0.417
"純米酒",15.662,-2.624,3.877,0.915,1.831,-0.503,-0.496
"純米酒",14.479,8.628,4.236,1.396,1.488,-0.095,-0.654
"純米酒",15.263,4.378,5.719,1.596,1.889,-0.7,-0.492
"純米酒",14.882,3.412,5.118,1.792,1.566,-0.497,-0.406
"純米酒",16.343,3.232,3.676,1.193,1.503,-0.524,-0.349
"純米酒",16.453,10.461,5.37,1.426,1.476,-0.343,-0.361
"純米酒",15.05,5.999,3.252,1.676,1.954,-0.7,-0.376
"純米酒",16.36,5.652,3.858,1.565,1.88,-0.356,-0.489
"純米酒",15.741,5.109,4.024,1.31,1.463,-0.463,-0.32
"純米酒",15.832,5.037,4.748,1.629,1.289,-0.443,-0.484
"純米酒",17.127,4.751,5.315,1.585,1.224,-0.347,-0.4
"純米酒",14.281,5.123,4.629,1.263,1.404,-0.675,-0.516
"純米酒",15.156,10.633,5.829,1.291,1.469,-0.54,-0.442
"純米酒",14.522,5.899,4.134,1.489,1.322,-0.361,-0.299
"純米酒",15.832,5.469,5.628,1.307,1.395,-0.844,-0.419
"純米酒",15.477,8.519,3.904,1.487,1.31,-0.806,-0.508
"純米酒",16.615,3.213,3.282,1.776,0.901,-0.474,-0.48
"純米酒",14.69,9.337,4.225,1.447,1.503,-0.599,-0.52
"純米酒",14.073,10.35,4.632,1.291,1.345,-0.309,-0.456
"純米酒",16.1,5.394,4.071,1.523,1.276,-0.287,-0.483
"純米酒",15.988,5.978,4.439,1.567,2.007,-0.335,-0.403
"純米酒",14.463,3.125,5.51,1.7,1.761,-0.627,-0.427
"純米酒",15.076,0.565,3.846,1.29,1.571,-0.662,-0.451
"純米酒",16.146,7.387,4.514,1.957,1.166,-0.532,-0.435
"純米酒",15.672,5.665,3.5,1.751,1.446,-0.527,-0.417
"純米酒",16.047,0.846,5.153,0.899,1.23,-0.538,-0.502
"純米酒",15.407,-5.242,4.642,1.566,1.922,-0.462,-0.229
"純米酒",15.246,1.449,5.05,1.442,2.081,-0.664,-0.445
"純米酒",15.231,4.018,4.573,1.668,1.731,-0.389,-0.367
"純米酒",15.985,-5.937,4.361,1.425,1.365,-0.526,-0.394
"純米酒",15.249,2.091,4.134,1.601,1.867,-0.196,-0.529
"純米酒",15.304,8.423,4.772,1.208,1.78,-0.946,-0.281
"純米酒",14.908,8.781,3.847,1.59,1.392,-0.486,-0.415
"純米酒",15.321,-1.415,4.105,1.143,1.458,-0.694,-0.244
"純米酒",15.558,3.393,3.699,1.388,2.067,-0.39,-0.437
"純米酒",15.618,4.515,3.947,0.967,1.734,-0.509,-0.44
"純米酒",16.208,8.224,5.338,1.595,1.149,-0.42,-0.373
"純米酒",14.354,0.135,4.413,1.338,1.094,-0.447,-0.427
"純米酒",15.617,-0.683,4.163,1.503,0.901,-0.234,-0.276
"純米酒",14.738,3.233,2.623,1.48,1.708,-0.748,-0.478
"純米酒",16.839,-0.289,4.841,1.836,1.252,-0.119,-0.467
"純米酒",14.75,4.132,3.607,1.442,1.183,-0.369,-0.476
"純米酒",15.014,4.418,4.045,1.701,1.457,-0.403,-0.363
"純米酒",15.652,-0.157,4.654,1.52,1.166,-0.342,-0.418
"純米酒",15.26,-1.519,3.68,1.835,1.448,-0.302,-0.517
"純米酒",15.862,1.892,4.769,1.408,1.692,-0.579,-0.424
"純米酒",15.022,2.706,4.473,1.668,1.088,-0.322,-0.453
"純米酒",15.567,1.949,4.136,1.263,1.304,-0.591,-0.473
"純米酒",16.725,5.862,3.639,1.063,1.435,-0.691,-0.448
"純米酒",15.172,3.504,6.004,1.438,1.847,-0.454,-0.185
"純米酒",16.428,4.549,3.318,1.337,0.981,-0.649,-0.564
"純米酒",16.793,8.888,3.844,1.078,1.952,-0.592,-0.447
"純米酒",16.809,5.559,4.42,1.377,1.546,-0.725,-0.381
"純米酒",15.051,11.867,4.737,1.568,2.137,-0.7,-0.248
"純米酒",15.193,2.129,4.868,1.617,0.941,-0.633,-0.414
"純米酒",15.495,-1.805,4.753,1.655,1.339,-0.303,-0.353
"純米酒",15.391,8.01,4.543,2.042,1.483,-0.521,-0.475
"純米酒",15.413,-1.273,5.255,1.364,1.17,-0.705,-0.473
"純米酒",14.669,6.405,3.376,1.75,1.438,-0.12,-0.408
"純米酒",14.982,6.404,5.191,1.54,1.942,-0.535,-0.446
"純米酒",15.221,2.314,4.522,1.316,1.878,-0.571,-0.307
"純米酒",15.895,-1.623,4.167,1.387,1.968,-0.721,-0.505
"純米酒",14.419,6.083,4.714,1.923,1.606,-0.74,-0.374
"純米酒",15.142,2.832,3.227,1.593,1.694,-0.549,-0.593
"純米酒",15.788,-1.926,5.404,1.256,1.529,-0.344,-0.378
"純米酒",15.273,0.4,4.368,1.59,1.189,-0.389,-0.495
"純米酒",16.081,12.67,3.842,1.28,1.171,-0.449,-0.495
"純米酒",15.532,4.243,4.482,1.602,1.839,-0.729,-0.314
"純米酒",16.746,0.364,4.378,1.237,1.172,-0.657,-0.244
"純米酒",13.845,1.82,4.178,1.658,1.505,-0.532,-0.509
"純米酒",14.747,4.772,4.612,1.653,1.875,-0.336,-0.335
"純米酒",15.821,2.968,3.183,1.446,1.67,-0.578,-0.436
"純米酒",15.983,6.986,3.454,1.238,1.646,-0.639,-0.36
"純米酒",15.313,8.878,4.735,1.422,1.621,-0.886,-0.359
"純米酒",15.725,3.066,3.959,1.06,1.282,-0.552,-0.371
"純米酒",14.626,8.804,4.246,1.51,2.109,-0.407,-0.219
"純米酒",15.14,10.961,4.007,1.394,1.479,-0.607,-0.525
"純米酒",14.224,4.344,4.236,1.406,1.725,-0.462,-0.47
"純米酒",17.189,2.694,4.998,1.509,2.077,-0.734,-0.407
"純米酒",15.959,-1.173,4.667,1.938,1.734,-0.677,-0.526
"純米酒",15.357,4.283,3.752,1.265,0.765,-0.643,-0.537
"純米酒",14.929,-1.059,3.943,1.792,1.797,-0.816,-0.332
"純米酒",14.69,3.728,4.087,1.377,0.846,-0.602,-0.416
"純米酒",16.485,2.3,4.089,1.752,1.231,-0.575,-0.43
"純米酒",14.391,0.837,5.321,1.524,2.154,-0.203,-0.394
"純米酒",15.028,7.081,4.348,1.693,1.959,-0.485,-0.431
"純米酒",15.324,2.129,4.735,0.955,1.727,-0.309,-0.561
"純米酒",16.584,0.058,3.363,1.952,2.338,-0.537,-0.463
"純米酒",16.222,5.288,3.049,1.771,1.448,-0.931,-0.428
"純米酒",15.714,1.171,4.459,1.517,1.767,-0.549,-0.473
"純米酒",15.649,5.682,4.008,1.827,1.997,-0.41,-0.367
"純米酒",16.526,5.847,4.738,1.46,1.107,-0.536,-0.416
"純米酒",16.027,3.935,5.407,1.612,1.434,-0.744,-0.345
"純米酒",14.675,4.282,5.556,1.586,1.299,-0.374,-0.545
"純米酒",15.999,1.038,5.351,1.308,1.251,-0.332,-0.337
"純米酒",16.082,7.208,3.304,1.544,1.605,-0.775,-0.396
"純米酒",17.933,-0.855,4.405,1.227,2.101,-0.479,-0.448
"純米酒",15.813,2.014,3.559,1.403,1.32,-0.521,-0.379
"純米酒",15.269,-1.55,3.828,1.468,1.681,-0.634,-0.494
"純米酒",16.149,5.001,4.083,1.624,1.675,-0.706,-0.396
"純米酒",15.351,-0.178,4.075,1.724,1.656,-0.607,-0.316
"純米酒",15.771,6.774,4.276,1.507,0.923,-0.556,-0.349
"純米酒",15.752,8.784,4.36,1.372,1.433,-0.344,-0.39
"純米酒",16.493,6.802,4.71,1.431,0.771,-0.618,-0.377
"純米酒",16.83,-0.523,4.891,1.202,1.415,-0.572,-0.423
"純米酒",16.53,1.527,5.934,1.239,1.282,-0.558,-0.441
"純米酒",16.259,1.243,5.055,1.76,1.46,-0.528,-0.419
"純米酒",15.608,6.777,3.33,1.325,2.135,-0.542,-0.209
"純米酒",15.378,2.19,4.196,1.803,1.86,-0.366,-0.408
"純米酒",15.765,8.204,3.925,1.509,1.304,-0.536,-0.404
"純米酒",15.713,0.793,4.714,1.525,1.447,-0.65,-0.383
"純米酒",15.316,4.574,3.554,1.287,1.667,-0.372,-0.439
"純米酒",15.227,7.806,4.805,1.377,1.189,-0.73,-0.508
"純米酒",16.457,4.611,4.75,1.553,1.585,-0.398,-0.339
"本醸造酒",15.347,5.987,4.019,1.792,1.447,-0.289,-0.774
"本醸造酒",15.964,9.66,4.297,0.806,2.038,-0.136,-0.788
"本醸造酒",15.061,2.552,4.953,1.391,1.628,-0.165,-0.812
"本醸造酒",15.563,1.583,4.537,1.188,1.421,-0.028,-0.853
"本醸造酒",15.388,1.318,4.82,1.567,1.618,-0.031,-0.798
"本醸造酒",15.495,7.106,4.367,0.92,1.298,-0.253,-0.943
"本醸造酒",16.118,5.966,4.618,1.447,1.567,-0.161,-0.936
"本醸造酒",15.702,5.285,4.076,1.34,1.403,-0.09,-0.961
"本醸造酒",16.351,0.329,4.547,0.857,1.487,-0.2,-0.965
"本醸造酒",15.805,3.776,3.768,1.406,0.768,-0.099,-0.725
"本醸造酒",16.34,4.558,4.828,1.259,1.382,-0.328,-0.846
"本醸造酒",15.731,5.61,4.673,1.56,1.56,-0.238,-0.907
"本醸造酒",15.617,4.161,3.631,0.77,1.199,-0.447,-0.851
"本醸造酒",15.651,1.24,4.787,1.343,0.828,-0.393,-0.752
"本醸造酒",15.349,3.726,3.623,1.005,1.739,-0.242,-0.758
"本醸造酒",15.386,8.598,3.98,1.057,1.058,-0.245,-0.799
"本醸造酒",15.383,1.157,5.169,0.932,2,-0.434,-0.845
"本醸造酒",14.516,3.88,3.693,1.27,1.277,-0.413,-0.875
"本醸造酒",15.303,5.41,4.277,1.364,1.406,-0.251,-0.925
"本醸造酒",15.527,6.308,3.771,1.56,1.557,-0.335,-0.927
"本醸造酒",15.359,5.894,4.148,1.187,1.193,-0.043,-0.939
"本醸造酒",16.029,8.443,4.492,0.923,1.987,-0.715,-0.844
"本醸造酒",15.006,6.204,3.548,1.437,1.234,-0.418,-0.734
"本醸造酒",15.226,6.388,4.609,1.497,0.869,-0.408,-0.911
"本醸造酒",16.149,3.893,5.082,1.09,1.227,-0.415,-0.764
"本醸造酒",14.998,3.675,4.198,1.145,1.498,-0.047,-0.818
"本醸造酒",15.449,10.257,5.458,1.144,1.407,-0.485,-0.951
"本醸造酒",16.108,7.727,4.162,0.874,0.723,-0.267,-0.895
"本醸造酒",15.12,5.589,5.473,1.04,1.028,-0.253,-0.865
"本醸造酒",14.893,3.646,4.21,1.356,1.699,-0.145,-0.718
"本醸造酒",15.798,4.869,4.886,1.559,1.354,-0.604,-0.951
"本醸造酒",15.182,7.569,4.29,0.972,1.195,-0.275,-0.842
"本醸造酒",15.515,5.635,4.479,1.517,1.941,-0.413,-0.79
"本醸造酒",15.219,6.349,4.638,1.24,1.445,-0.233,-0.927
"本醸造酒",15.793,4.25,3.758,1.363,1.666,-0.391,-0.811
"本醸造酒",15.183,3.031,4.169,1.488,0.918,-0.082,-0.934
"本醸造酒",14.902,6.731,5.104,1.207,1.304,-0.322,-0.808
"本醸造酒",15.69,2.54,4.19,1.508,1.7,-0.451,-0.859
"本醸造酒",15.141,6.835,4.667,1.423,1.435,-0.239,-0.818
"本醸造酒",15.452,6.02,3.974,1.502,1.287,-0.294,-0.886
"本醸造酒",15.457,3.847,4.21,1.381,1.184,-0.18,-0.851
"本醸造酒",15.76,8.555,4.754,1.33,1.118,-0.212,-0.917
"本醸造酒",15.437,4.393,4.798,1.443,1.309,-0.483,-1.061
"本醸造酒",14.61,6.471,4.987,1.067,1.675,-0.412,-0.896
"本醸造酒",15.413,0.683,4.996,1.175,1.187,-0.237,-0.807
"本醸造酒",15.556,4.722,5.24,1.232,1.595,-0.378,-0.765
"本醸造酒",16.022,2.05,5.369,1.144,0.946,-0.138,-0.812
"本醸造酒",15.572,3.612,5.228,1.325,1.265,-0.108,-0.846
"本醸造酒",15.142,4.108,4.847,1.385,1.576,-0.435,-1.014
"本醸造酒",15.257,7.087,4.354,1.247,1.154,-0.358,-0.92
"本醸造酒",15.821,1.883,4.629,0.99,1.338,-0.056,-0.992
"本醸造酒",15.198,8.083,4.134,1.275,1.709,-0.455,-0.796
"本醸造酒",15.814,1.558,4.11,1.131,1.343,-0.231,-0.845
"本醸造酒",15.76,6.912,4.081,0.993,1.4,-0.38,-0.91
"本醸造酒",15.779,5.654,4.661,1.091,0.775,-0.242,-0.888
"本醸造酒",15.582,9.553,5.403,1.178,1.267,-0.328,-0.911
"本醸造酒",15.237,2.191,5.005,1.146,1.133,-0.329,-0.876
"本醸造酒",15.222,8.664,3.658,1.186,1.788,-0.202,-0.859
"本醸造酒",16.011,4.15,3.553,1.487,1.421,-0.302,-0.829
"本醸造酒",15.754,2.229,3.749,1.51,1.16,-0.546,-0.848
"本醸造酒",15.46,2.192,5.577,1.481,1.035,-0.301,-0.916
"本醸造酒",15.493,9.568,4.186,1.212,1.87,0.271,-0.768
"本醸造酒",15.359,3.242,3.552,0.974,1.019,-0.551,-0.739
"本醸造酒",16.036,3.844,4.372,1.482,0.775,-0.321,-0.846
"本醸造酒",15.744,6.514,4.448,1.42,1.194,-0.318,-0.942
"本醸造酒",14.826,1.643,4.699,1.363,1.458,-0.317,-0.847
"本醸造酒",15.106,4.902,4.992,1.236,1.87,-0.209,-0.781
"本醸造酒",16.101,4.939,4.48,1.185,1.492,-0.283,-0.762
"本醸造酒",15.143,3.773,4.453,1.275,1.949,-0.626,-0.799
"本醸造酒",15.501,3.937,4.404,1.278,1.356,-0.179,-0.847
"本醸造酒",15.367,3.755,3.981,1.336,0.695,-0.425,-0.868
"本醸造酒",14.466,3.238,3.719,1.226,1.196,-0.305,-0.943
"本醸造酒",15.029,1.961,4.571,1.301,1.905,-0.304,-0.758
"本醸造酒",15.577,6.909,5.406,1.273,1.368,-0.268,-0.854
"本醸造酒",15.311,6.147,5.222,1.161,1.583,-0.316,-0.93
"本醸造酒",15.261,4.994,4.465,1.32,0.817,-0.213,-0.764
"本醸造酒",14.987,13.513,4.452,1.402,1.491,-0.135,-0.803
"本醸造酒",15.554,-1.017,4.699,1.287,1.418,-0.185,-0.879
"本醸造酒",16.095,1.84,4.021,1.42,1.503,-0.384,-0.847
"本醸造酒",15.082,1.014,4.153,1.249,1.145,-0.42,-1.019
"本醸造酒",15.412,2.363,3.832,1.474,1.301,-0.245,-0.926
"本醸造酒",15.368,3.139,4.794,1.716,1.618,-0.174,-0.908
"本醸造酒",15.92,1.518,4.816,1.284,1.301,-0.195,-0.861
"本醸造酒",15.87,0.371,4.208,1.167,1.351,-0.305,-0.753
"本醸造酒",15.673,1.499,4.51,1.386,0.728,-0.205,-0.876
"本醸造酒",15.716,3.58,4.271,1.014,1.602,-0.241,-0.926
"本醸造酒",16.304,6.37,3.716,1.585,0.921,-0.067,-0.787
"本醸造酒",15.132,0.944,4.438,1.396,1.628,-0.376,-0.872
"本醸造酒",15.618,2.956,3.225,1.281,1.596,-0.259,-0.801
"本醸造酒",16.237,-1.657,5.67,1.379,1.244,-0.313,-0.801
